adm3_pcode,adm3_en,adm2_pcode
PH0102801,Adams,PH01028
PH0102802,Bacarra,PH01028
PH0102803,Badoc,PH01028
PH0102804,Bangui,PH01028
PH0102805,City of Batac,PH01028
PH0102806,Burgos,PH01028
PH0102807,Carasi,PH01028
PH0102808,Currimao,PH01028
PH0102809,Dingras,PH01028
PH0102810,Dumalneg,PH01028
PH0102811,Banna (Espiritu),PH01028
PH0102812,Laoag City (Capital),PH01028
PH0102813,Marcos,PH01028
PH0102814,Nueva Era,PH01028
PH0102815,Pagudpud,PH01028
PH0102816,Paoay,PH01028
PH0102817,Pasuquin,PH01028
PH0102818,Piddig,PH01028
PH0102819,Pinili,PH01028
PH0102820,San Nicolas,PH01028
PH0102821,Sarrat,PH01028
PH0102822,Solsona,PH01028
PH0102823,Vintar,PH01028
PH0102901,Alilem,PH01029
PH0102902,Banayoyo,PH01029
PH0102903,Bantay,PH01029
PH0102904,Burgos,PH01029
PH0102905,Cabugao,PH01029
PH0102906,City of Candon,PH01029
PH0102907,Caoayan,PH01029
PH0102908,Cervantes,PH01029
PH0102909,Galimuyod,PH01029
PH0102910,Gregorio del Pilar (Concepcion),PH01029
PH0102911,Lidlidda,PH01029
PH0102912,Magsingal,PH01029
PH0102913,Nagbukel,PH01029
PH0102914,Narvacan,PH01029
PH0102915,Quirino (Angkaki),PH01029
PH0102916,Salcedo (Baugen),PH01029
PH0102917,San Emilio,PH01029
PH0102918,San Esteban,PH01029
PH0102919,San Ildefonso,PH01029
PH0102920,San Juan (Lapog),PH01029
PH0102921,San Vicente,PH01029
PH0102922,Santa,PH01029
PH0102923,Santa Catalina,PH01029
PH0102924,Santa Cruz,PH01029
PH0102925,Santa Lucia,PH01029
PH0102926,Santa Maria,PH01029
PH0102927,Santiago,PH01029
PH0102928,Santo Domingo,PH01029
PH0102929,Sigay,PH01029
PH0102930,Sinait,PH01029
PH0102931,Sugpon,PH01029
PH0102932,Suyo,PH01029
PH0102933,Tagudin,PH01029
PH0102934,City of Vigan (Capital),PH01029
PH0103301,Agoo,PH01033
PH0103302,Aringay,PH01033
PH0103303,Bacnotan,PH01033
PH0103304,Bagulin,PH01033
PH0103305,Balaoan,PH01033
PH0103306,Bangar,PH01033
PH0103307,Bauang,PH01033
PH0103308,Burgos,PH01033
PH0103309,Caba,PH01033
PH0103310,Luna,PH01033
PH0103311,Naguilian,PH01033
PH0103312,Pugo,PH01033
PH0103313,Rosario,PH01033
PH0103314,City of San Fernando (Capital),PH01033
PH0103315,San Gabriel,PH01033
PH0103316,San Juan,PH01033
PH0103317,Santo Tomas,PH01033
PH0103318,Santol,PH01033
PH0103319,Sudipen,PH01033
PH0103320,Tubao,PH01033
PH0105501,Agno,PH01055
PH0105502,Aguilar,PH01055
PH0105503,City of Alaminos,PH01055
PH0105504,Alcala,PH01055
PH0105505,Anda,PH01055
PH0105506,Asingan,PH01055
PH0105507,Balungao,PH01055
PH0105508,Bani,PH01055
PH0105509,Basista,PH01055
PH0105510,Bautista,PH01055
PH0105511,Bayambang,PH01055
PH0105512,Binalonan,PH01055
PH0105513,Binmaley,PH01055
PH0105514,Bolinao,PH01055
PH0105515,Bugallon,PH01055
PH0105516,Burgos,PH01055
PH0105517,Calasiao,PH01055
PH0105518,Dagupan City,PH01055
PH0105519,Dasol,PH01055
PH0105520,Infanta,PH01055
PH0105521,Labrador,PH01055
PH0105522,Lingayen (Capital),PH01055
PH0105523,Mabini,PH01055
PH0105524,Malasiqui,PH01055
PH0105525,Manaoag,PH01055
PH0105526,Mangaldan,PH01055
PH0105527,Mangatarem,PH01055
PH0105528,Mapandan,PH01055
PH0105529,Natividad,PH01055
PH0105530,Pozorrubio,PH01055
PH0105531,Rosales,PH01055
PH0105532,San Carlos City,PH01055
PH0105533,San Fabian,PH01055
PH0105534,San Jacinto,PH01055
PH0105535,San Manuel,PH01055
PH0105536,San Nicolas,PH01055
PH0105537,San Quintin,PH01055
PH0105538,Santa Barbara,PH01055
PH0105539,Santa Maria,PH01055
PH0105540,Santo Tomas,PH01055
PH0105541,Sison,PH01055
PH0105542,Sual,PH01055
PH0105543,Tayug,PH01055
PH0105544,Umingan,PH01055
PH0105545,Urbiztondo,PH01055
PH0105546,City of Urdaneta,PH01055
PH0105547,Villasis,PH01055
PH0105548,Laoac,PH01055
PH0200901,Basco (Capital),PH02009
PH0200902,Itbayat,PH02009
PH0200903,Ivana,PH02009
PH0200904,Mahatao,PH02009
PH0200905,Sabtang,PH02009
PH0200906,Uyugan,PH02009
PH0201501,Abulug,PH02015
PH0201502,Alcala,PH02015
PH0201503,Allacapan,PH02015
PH0201504,Amulung,PH02015
PH0201505,Aparri,PH02015
PH0201506,Baggao,PH02015
PH0201507,Ballesteros,PH02015
PH0201508,Buguey,PH02015
PH0201509,Calayan,PH02015
PH0201510,Camalaniugan,PH02015
PH0201511,Claveria,PH02015
PH0201512,Enrile,PH02015
PH0201513,Gattaran,PH02015
PH0201514,Gonzaga,PH02015
PH0201515,Iguig,PH02015
PH0201516,Lal-lo,PH02015
PH0201517,Lasam,PH02015
PH0201518,Pamplona,PH02015
PH0201519,Pe├▒ablanca,PH02015
PH0201520,Piat,PH02015
PH0201521,Rizal,PH02015
PH0201522,Sanchez-Mira,PH02015
PH0201523,Santa Ana,PH02015
PH0201524,Santa Praxedes,PH02015
PH0201525,Santa Teresita,PH02015
PH0201526,Santo Ni├▒o (Faire),PH02015
PH0201527,Solana,PH02015
PH0201528,Tuao,PH02015
PH0201529,Tuguegarao City (Capital),PH02015
PH0203101,Alicia,PH02031
PH0203102,Angadanan,PH02031
PH0203103,Aurora,PH02031
PH0203104,Benito Soliven,PH02031
PH0203105,Burgos,PH02031
PH0203106,Cabagan,PH02031
PH0203107,Cabatuan,PH02031
PH0203108,City of Cauayan,PH02031
PH0203109,Cordon,PH02031
PH0203110,Dinapigue,PH02031
PH0203111,Divilacan,PH02031
PH0203112,Echague,PH02031
PH0203113,Gamu,PH02031
PH0203114,Ilagan City (Capital),PH02031
PH0203115,Jones,PH02031
PH0203116,Luna,PH02031
PH0203117,Maconacon,PH02031
PH0203118,Delfin Albano (Magsaysay),PH02031
PH0203119,Mallig,PH02031
PH0203120,Naguilian,PH02031
PH0203121,Palanan,PH02031
PH0203122,Quezon,PH02031
PH0203123,Quirino,PH02031
PH0203124,Ramon,PH02031
PH0203125,Reina Mercedes,PH02031
PH0203126,Roxas,PH02031
PH0203127,San Agustin,PH02031
PH0203128,San Guillermo,PH02031
PH0203129,San Isidro,PH02031
PH0203130,San Manuel,PH02031
PH0203131,San Mariano,PH02031
PH0203132,San Mateo,PH02031
PH0203133,San Pablo,PH02031
PH0203134,Santa Maria,PH02031
PH0203135,City of Santiago,PH02031
PH0203136,Santo Tomas,PH02031
PH0203137,Tumauini,PH02031
PH0205001,Ambaguio,PH02050
PH0205002,Aritao,PH02050
PH0205003,Bagabag,PH02050
PH0205004,Bambang,PH02050
PH0205005,Bayombong (Capital),PH02050
PH0205006,Diadi,PH02050
PH0205007,Dupax del Norte,PH02050
PH0205008,Dupax del Sur,PH02050
PH0205009,Kasibu,PH02050
PH0205010,Kayapa,PH02050
PH0205011,Quezon,PH02050
PH0205012,Santa Fe,PH02050
PH0205013,Solano,PH02050
PH0205014,Villaverde,PH02050
PH0205015,Alfonso Castaneda,PH02050
PH0205701,Aglipay,PH02057
PH0205702,Cabarroguis (Capital),PH02057
PH0205703,Diffun,PH02057
PH0205704,Maddela,PH02057
PH0205705,Saguday,PH02057
PH0205706,Nagtipunan,PH02057
PH0300801,Abucay,PH03008
PH0300802,Bagac,PH03008
PH0300803,City of Balanga (Capital),PH03008
PH0300804,Dinalupihan,PH03008
PH0300805,Hermosa,PH03008
PH0300806,Limay,PH03008
PH0300807,Mariveles,PH03008
PH0300808,Morong,PH03008
PH0300809,Orani,PH03008
PH0300810,Orion,PH03008
PH0300811,Pilar,PH03008
PH0300812,Samal,PH03008
PH0301401,Angat,PH03014
PH0301402,Balagtas (Bigaa),PH03014
PH0301403,City of Baliwag,PH03014
PH0301404,Bocaue,PH03014
PH0301405,Bulacan,PH03014
PH0301406,Bustos,PH03014
PH0301407,Calumpit,PH03014
PH0301408,Guiguinto,PH03014
PH0301409,Hagonoy,PH03014
PH0301410,City of Malolos (Capital),PH03014
PH0301411,Marilao,PH03014
PH0301412,City of Meycauayan,PH03014
PH0301413,Norzagaray,PH03014
PH0301414,Obando,PH03014
PH0301415,Pandi,PH03014
PH0301416,Paombong,PH03014
PH0301417,Plaridel,PH03014
PH0301418,Pulilan,PH03014
PH0301419,San Ildefonso,PH03014
PH0301420,City of San Jose del Monte,PH03014
PH0301421,San Miguel,PH03014
PH0301422,San Rafael,PH03014
PH0301423,Santa Maria,PH03014
PH0301424,Do├▒a Remedios Trinidad,PH03014
PH0304901,Aliaga,PH03049
PH0304902,Bongabon,PH03049
PH0304903,Cabanatuan City,PH03049
PH0304904,Cabiao,PH03049
PH0304905,Carranglan,PH03049
PH0304906,Cuyapo,PH03049
PH0304907,Gabaldon (Bitulok & Sabani),PH03049
PH0304908,City of Gapan,PH03049
PH0304909,General Mamerto Natividad,PH03049
PH0304910,General Tinio (Papaya),PH03049
PH0304911,Guimba,PH03049
PH0304912,Jaen,PH03049
PH0304913,Laur,PH03049
PH0304914,Licab,PH03049
PH0304915,Llanera,PH03049
PH0304916,Lupao,PH03049
PH0304917,Science City of Mu├▒oz,PH03049
PH0304918,Nampicuan,PH03049
PH0304919,Palayan City (Capital),PH03049
PH0304920,Pantabangan,PH03049
PH0304921,Pe├▒aranda,PH03049
PH0304922,Quezon,PH03049
PH0304923,Rizal,PH03049
PH0304924,San Antonio,PH03049
PH0304925,San Isidro,PH03049
PH0304926,San Jose City,PH03049
PH0304927,San Leonardo,PH03049
PH0304928,Santa Rosa,PH03049
PH0304929,Santo Domingo,PH03049
PH0304930,Talavera,PH03049
PH0304931,Talugtug,PH03049
PH0304932,Zaragoza,PH03049
PH0305401,Angeles City,PH03054
PH0305402,Apalit,PH03054
PH0305403,Arayat,PH03054
PH0305404,Bacolor,PH03054
PH0305405,Candaba,PH03054
PH0305406,Floridablanca,PH03054
PH0305407,Guagua,PH03054
PH0305408,Lubao,PH03054
PH0305409,Mabalacat City,PH03054
PH0305410,Macabebe,PH03054
PH0305411,Magalang,PH03054
PH0305412,Masantol,PH03054
PH0305413,Mexico,PH03054
PH0305414,Minalin,PH03054
PH0305415,Porac,PH03054
PH0305416,City of San Fernando (Capital),PH03054
PH0305417,San Luis,PH03054
PH0305418,San Simon,PH03054
PH0305419,Santa Ana,PH03054
PH0305420,Santa Rita,PH03054
PH0305421,Sto. Tomas,PH03054
PH0305422,Sasmuan (Sexmoan),PH03054
PH0306901,Anao,PH03069
PH0306902,Bamban,PH03069
PH0306903,Camiling,PH03069
PH0306904,Capas,PH03069
PH0306905,Concepcion,PH03069
PH0306906,Gerona,PH03069
PH0306907,La Paz,PH03069
PH0306908,Mayantoc,PH03069
PH0306909,Moncada,PH03069
PH0306910,Paniqui,PH03069
PH0306911,Pura,PH03069
PH0306912,Ramos,PH03069
PH0306913,San Clemente,PH03069
PH0306914,San Manuel,PH03069
PH0306915,Santa Ignacia,PH03069
PH0306916,City of Tarlac (Capital),PH03069
PH0306917,Victoria,PH03069
PH0306918,San Jose,PH03069
PH0307101,Botolan,PH03071
PH0307102,Cabangan,PH03071
PH0307103,Candelaria,PH03071
PH0307104,Castillejos,PH03071
PH0307105,Iba (Capital),PH03071
PH0307106,Masinloc,PH03071
PH0307107,Olongapo City,PH03071
PH0307108,Palauig,PH03071
PH0307109,San Antonio,PH03071
PH0307110,San Felipe,PH03071
PH0307111,San Marcelino,PH03071
PH0307112,San Narciso,PH03071
PH0307113,Santa Cruz,PH03071
PH0307114,Subic,PH03071
PH0307701,Baler (Capital),PH03077
PH0307702,Casiguran,PH03077
PH0307703,Dilasag,PH03077
PH0307704,Dinalungan,PH03077
PH0307705,Dingalan,PH03077
PH0307706,Dipaculao,PH03077
PH0307707,Maria Aurora,PH03077
PH0307708,San Luis,PH03077
PH0401001,Agoncillo,PH04010
PH0401002,Alitagtag,PH04010
PH0401003,Balayan,PH04010
PH0401004,Balete,PH04010
PH0401005,Batangas City (Capital),PH04010
PH0401006,Bauan,PH04010
PH0401007,City of Calaca,PH04010
PH0401008,Calatagan,PH04010
PH0401009,Cuenca,PH04010
PH0401010,Ibaan,PH04010
PH0401011,Laurel,PH04010
PH0401012,Lemery,PH04010
PH0401013,Lian,PH04010
PH0401014,Lipa City,PH04010
PH0401015,Lobo,PH04010
PH0401016,Mabini,PH04010
PH0401017,Malvar,PH04010
PH0401018,Mataasnakahoy,PH04010
PH0401019,Nasugbu,PH04010
PH0401020,Padre Garcia,PH04010
PH0401021,Rosario,PH04010
PH0401022,San Jose,PH04010
PH0401023,San Juan,PH04010
PH0401024,San Luis,PH04010
PH0401025,San Nicolas,PH04010
PH0401026,San Pascual,PH04010
PH0401027,Santa Teresita,PH04010
PH0401028,City of Sto. Tomas,PH04010
PH0401029,Taal,PH04010
PH0401030,Talisay,PH04010
PH0401031,City of Tanauan,PH04010
PH0401032,Taysan,PH04010
PH0401033,Tingloy,PH04010
PH0401034,Tuy,PH04010
PH0402101,Alfonso,PH04021
PH0402102,Amadeo,PH04021
PH0402103,Bacoor City,PH04021
PH0402104,Carmona,PH04021
PH0402105,Cavite City,PH04021
PH0402106,City of Dasmari├▒as,PH04021
PH0402107,General Emilio Aguinaldo,PH04021
PH0402108,City of General Trias,PH04021
PH0402109,Imus City,PH04021
PH0402110,Indang,PH04021
PH0402111,Kawit,PH04021
PH0402112,Magallanes,PH04021
PH0402113,Maragondon,PH04021
PH0402114,Mendez (Mendez-Nu├▒ez),PH04021
PH0402115,Naic,PH04021
PH0402116,Noveleta,PH04021
PH0402117,Rosario,PH04021
PH0402118,Silang,PH04021
PH0402119,Tagaytay City,PH04021
PH0402120,Tanza,PH04021
PH0402121,Ternate,PH04021
PH0402122,Trece Martires City (Capital),PH04021
PH0402123,Gen. Mariano Alvarez,PH04021
PH0403401,Alaminos,PH04034
PH0403402,Bay,PH04034
PH0403403,City of Bi├▒an,PH04034
PH0403404,Cabuyao City,PH04034
PH0403405,City of Calamba,PH04034
PH0403406,Calauan,PH04034
PH0403407,Cavinti,PH04034
PH0403408,Famy,PH04034
PH0403409,Kalayaan,PH04034
PH0403410,Liliw,PH04034
PH0403411,Los Ba├▒os,PH04034
PH0403412,Luisiana,PH04034
PH0403413,Lumban,PH04034
PH0403414,Mabitac,PH04034
PH0403415,Magdalena,PH04034
PH0403416,Majayjay,PH04034
PH0403417,Nagcarlan,PH04034
PH0403418,Paete,PH04034
PH0403419,Pagsanjan,PH04034
PH0403420,Pakil,PH04034
PH0403421,Pangil,PH04034
PH0403422,Pila,PH04034
PH0403423,Rizal,PH04034
PH0403424,San Pablo City,PH04034
PH0403425,City of San Pedro,PH04034
PH0403426,Santa Cruz (Capital),PH04034
PH0403427,Santa Maria,PH04034
PH0403428,City of Santa Rosa,PH04034
PH0403429,Siniloan,PH04034
PH0403430,Victoria,PH04034
PH0405601,Agdangan,PH04056
PH0405602,Alabat,PH04056
PH0405603,Atimonan,PH04056
PH0405605,Buenavista,PH04056
PH0405606,Burdeos,PH04056
PH0405607,Calauag,PH04056
PH0405608,Candelaria,PH04056
PH0405610,Catanauan,PH04056
PH0405615,Dolores,PH04056
PH0405616,General Luna,PH04056
PH0405617,General Nakar,PH04056
PH0405618,Guinayangan,PH04056
PH0405619,Gumaca,PH04056
PH0405620,Infanta,PH04056
PH0405621,Jomalig,PH04056
PH0405622,Lopez,PH04056
PH0405623,Lucban,PH04056
PH0405624,Lucena City (Capital),PH04056
PH0405625,Macalelon,PH04056
PH0405627,Mauban,PH04056
PH0405628,Mulanay,PH04056
PH0405629,Padre Burgos,PH04056
PH0405630,Pagbilao,PH04056
PH0405631,Panukulan,PH04056
PH0405632,Patnanungan,PH04056
PH0405633,Perez,PH04056
PH0405634,Pitogo,PH04056
PH0405635,Plaridel,PH04056
PH0405636,Polillo,PH04056
PH0405637,Quezon,PH04056
PH0405638,Real,PH04056
PH0405639,Sampaloc,PH04056
PH0405640,San Andres,PH04056
PH0405641,San Antonio,PH04056
PH0405642,San Francisco (Aurora),PH04056
PH0405644,San Narciso,PH04056
PH0405645,Sariaya,PH04056
PH0405646,Tagkawayan,PH04056
PH0405647,City of Tayabas,PH04056
PH0405648,Tiaong,PH04056
PH0405649,Unisan,PH04056
PH0405801,Angono,PH04058
PH0405802,City of Antipolo,PH04058
PH0405803,Baras,PH04058
PH0405804,Binangonan,PH04058
PH0405805,Cainta,PH04058
PH0405806,Cardona,PH04058
PH0405807,Jala-jala,PH04058
PH0405808,Rodriguez (Montalban),PH04058
PH0405809,Morong,PH04058
PH0405810,Pililla,PH04058
PH0405811,San Mateo,PH04058
PH0405812,Tanay,PH04058
PH0405813,Taytay,PH04058
PH0405814,Teresa,PH04058
PH0500501,Bacacay,PH05005
PH0500502,Camalig,PH05005
PH0500503,Daraga (Locsin),PH05005
PH0500504,Guinobatan,PH05005
PH0500505,Jovellar,PH05005
PH0500506,Legazpi City (Capital),PH05005
PH0500507,Libon,PH05005
PH0500508,City of Ligao,PH05005
PH0500509,Malilipot,PH05005
PH0500510,Malinao,PH05005
PH0500511,Manito,PH05005
PH0500512,Oas,PH05005
PH0500513,Pio Duran,PH05005
PH0500514,Polangui,PH05005
PH0500515,Rapu-Rapu,PH05005
PH0500516,Santo Domingo (Libog),PH05005
PH0500517,City of Tabaco,PH05005
PH0500518,Tiwi,PH05005
PH0501601,Basud,PH05016
PH0501602,Capalonga,PH05016
PH0501603,Daet (Capital),PH05016
PH0501604,San Lorenzo Ruiz (Imelda),PH05016
PH0501605,Jose Panganiban,PH05016
PH0501606,Labo,PH05016
PH0501607,Mercedes,PH05016
PH0501608,Paracale,PH05016
PH0501609,San Vicente,PH05016
PH0501610,Santa Elena,PH05016
PH0501611,Talisay,PH05016
PH0501612,Vinzons,PH05016
PH0501701,Baao,PH05017
PH0501702,Balatan,PH05017
PH0501703,Bato,PH05017
PH0501704,Bombon,PH05017
PH0501705,Buhi,PH05017
PH0501706,Bula,PH05017
PH0501707,Cabusao,PH05017
PH0501708,Calabanga,PH05017
PH0501709,Camaligan,PH05017
PH0501710,Canaman,PH05017
PH0501711,Caramoan,PH05017
PH0501712,Del Gallego,PH05017
PH0501713,Gainza,PH05017
PH0501714,Garchitorena,PH05017
PH0501715,Goa,PH05017
PH0501716,Iriga City,PH05017
PH0501717,Lagonoy,PH05017
PH0501718,Libmanan,PH05017
PH0501719,Lupi,PH05017
PH0501720,Magarao,PH05017
PH0501721,Milaor,PH05017
PH0501722,Minalabac,PH05017
PH0501723,Nabua,PH05017
PH0501724,Naga City,PH05017
PH0501725,Ocampo,PH05017
PH0501726,Pamplona,PH05017
PH0501727,Pasacao,PH05017
PH0501728,Pili (Capital),PH05017
PH0501729,Presentacion (Parubcan),PH05017
PH0501730,Ragay,PH05017
PH0501731,Sag├▒ay,PH05017
PH0501732,San Fernando,PH05017
PH0501733,San Jose,PH05017
PH0501734,Sipocot,PH05017
PH0501735,Siruma,PH05017
PH0501736,Tigaon,PH05017
PH0501737,Tinambac,PH05017
PH0502001,Bagamanoc,PH05020
PH0502002,Baras,PH05020
PH0502003,Bato,PH05020
PH0502004,Caramoran,PH05020
PH0502005,Gigmoto,PH05020
PH0502006,Pandan,PH05020
PH0502007,Panganiban (Payo),PH05020
PH0502008,San Andres (Calolbon),PH05020
PH0502009,San Miguel,PH05020
PH0502010,Viga,PH05020
PH0502011,Virac (Capital),PH05020
PH0504101,Aroroy,PH05041
PH0504102,Baleno,PH05041
PH0504103,Balud,PH05041
PH0504104,Batuan,PH05041
PH0504105,Cataingan,PH05041
PH0504106,Cawayan,PH05041
PH0504107,Claveria,PH05041
PH0504108,Dimasalang,PH05041
PH0504109,Esperanza,PH05041
PH0504110,Mandaon,PH05041
PH0504111,City of Masbate (Capital),PH05041
PH0504112,Milagros,PH05041
PH0504113,Mobo,PH05041
PH0504114,Monreal,PH05041
PH0504115,Palanas,PH05041
PH0504116,Pio V. Corpus (Limbuhan),PH05041
PH0504117,Placer,PH05041
PH0504118,San Fernando,PH05041
PH0504119,San Jacinto,PH05041
PH0504120,San Pascual,PH05041
PH0504121,Uson,PH05041
PH0506202,Barcelona,PH05062
PH0506203,Bulan,PH05062
PH0506204,Bulusan,PH05062
PH0506205,Casiguran,PH05062
PH0506206,Castilla,PH05062
PH0506207,Donsol,PH05062
PH0506208,Gubat,PH05062
PH0506209,Irosin,PH05062
PH0506210,Juban,PH05062
PH0506211,Magallanes,PH05062
PH0506212,Matnog,PH05062
PH0506213,Pilar,PH05062
PH0506214,Prieto Diaz,PH05062
PH0506215,Santa Magdalena,PH05062
PH0506216,City of Sorsogon (Capital),PH05062
PH0600401,Altavas,PH06004
PH0600402,Balete,PH06004
PH0600403,Banga,PH06004
PH0600404,Batan,PH06004
PH0600405,Buruanga,PH06004
PH0600406,Ibajay,PH06004
PH0600407,Kalibo (Capital),PH06004
PH0600408,Lezo,PH06004
PH0600409,Libacao,PH06004
PH0600410,Madalag,PH06004
PH0600411,Makato,PH06004
PH0600412,Malay,PH06004
PH0600413,Malinao,PH06004
PH0600414,Nabas,PH06004
PH0600415,New Washington,PH06004
PH0600416,Numancia,PH06004
PH0600417,Tangalan,PH06004
PH0600601,Anini-y,PH06006
PH0600602,Barbaza,PH06006
PH0600603,Belison,PH06006
PH0600604,Bugasong,PH06006
PH0600605,Caluya,PH06006
PH0600606,Culasi,PH06006
PH0600607,Tobias Fornier (Dao),PH06006
PH0600608,Hamtic,PH06006
PH0600609,Laua-an,PH06006
PH0600610,Libertad,PH06006
PH0600611,Pandan,PH06006
PH0600612,Patnongon,PH06006
PH0600613,San Jose (Capital),PH06006
PH0600614,San Remigio,PH06006
PH0600615,Sebaste,PH06006
PH0600616,Sibalom,PH06006
PH0600617,Tibiao,PH06006
PH0600618,Valderrama,PH06006
PH0601901,Cuartero,PH06019
PH0601902,Dao,PH06019
PH0601903,Dumalag,PH06019
PH0601904,Dumarao,PH06019
PH0601905,Ivisan,PH06019
PH0601906,Jamindan,PH06019
PH0601907,Ma-ayon,PH06019
PH0601908,Mambusao,PH06019
PH0601909,Panay,PH06019
PH0601910,Panitan,PH06019
PH0601911,Pilar,PH06019
PH0601912,Pontevedra,PH06019
PH0601913,President Roxas,PH06019
PH0601914,Roxas City (Capital),PH06019
PH0601915,Sapi-an,PH06019
PH0601916,Sigma,PH06019
PH0601917,Tapaz,PH06019
PH0603001,Ajuy,PH06030
PH0603002,Alimodian,PH06030
PH0603003,Anilao,PH06030
PH0603004,Badiangan,PH06030
PH0603005,Balasan,PH06030
PH0603006,Banate,PH06030
PH0603007,Barotac Nuevo,PH06030
PH0603008,Barotac Viejo,PH06030
PH0603009,Batad,PH06030
PH0603010,Bingawan,PH06030
PH0603012,Cabatuan,PH06030
PH0603013,Calinog,PH06030
PH0603014,Carles,PH06030
PH0603015,Concepcion,PH06030
PH0603016,Dingle,PH06030
PH0603017,Due├▒as,PH06030
PH0603018,Dumangas,PH06030
PH0603019,Estancia,PH06030
PH0603020,Guimbal,PH06030
PH0603021,Igbaras,PH06030
PH0603022,Iloilo City (Capital),PH06030
PH0603023,Janiuay,PH06030
PH0603025,Lambunao,PH06030
PH0603026,Leganes,PH06030
PH0603027,Lemery,PH06030
PH0603028,Leon,PH06030
PH0603029,Maasin,PH06030
PH0603030,Miagao,PH06030
PH0603031,Mina,PH06030
PH0603032,New Lucena,PH06030
PH0603034,Oton,PH06030
PH0603035,City of Passi,PH06030
PH0603036,Pavia,PH06030
PH0603037,Pototan,PH06030
PH0603038,San Dionisio,PH06030
PH0603039,San Enrique,PH06030
PH0603040,San Joaquin,PH06030
PH0603041,San Miguel,PH06030
PH0603042,San Rafael,PH06030
PH0603043,Santa Barbara,PH06030
PH0603044,Sara,PH06030
PH0603045,Tigbauan,PH06030
PH0603046,Tubungan,PH06030
PH0603047,Zarraga,PH06030
PH0604501,Bacolod City (Capital),PH06045
PH0604502,Bago City,PH06045
PH0604503,Binalbagan,PH06045
PH0604504,Cadiz City,PH06045
PH0604505,Calatrava,PH06045
PH0604506,Candoni,PH06045
PH0604507,Cauayan,PH06045
PH0604508,Enrique B. Magalona (Saravia),PH06045
PH0604509,City of Escalante,PH06045
PH0604510,City of Himamaylan,PH06045
PH0604511,Hinigaran,PH06045
PH0604512,Hinoba-an (Asia),PH06045
PH0604513,Ilog,PH06045
PH0604514,Isabela,PH06045
PH0604515,City of Kabankalan,PH06045
PH0604516,La Carlota City,PH06045
PH0604517,La Castellana,PH06045
PH0604518,Manapla,PH06045
PH0604519,Moises Padilla (Magallon),PH06045
PH0604520,Murcia,PH06045
PH0604521,Pontevedra,PH06045
PH0604522,Pulupandan,PH06045
PH0604523,Sagay City,PH06045
PH0604524,San Carlos City,PH06045
PH0604525,San Enrique,PH06045
PH0604526,Silay City,PH06045
PH0604527,City of Sipalay,PH06045
PH0604528,City of Talisay,PH06045
PH0604529,Toboso,PH06045
PH0604530,Valladolid,PH06045
PH0604531,City of Victorias,PH06045
PH0604532,Salvador Benedicto,PH06045
PH0607901,Buenavista,PH06079
PH0607902,Jordan (Capital),PH06079
PH0607903,Nueva Valencia,PH06079
PH0607904,San Lorenzo,PH06079
PH0607905,Sibunag,PH06079
PH0701201,Alburquerque,PH07012
PH0701202,Alicia,PH07012
PH0701203,Anda,PH07012
PH0701204,Antequera,PH07012
PH0701205,Baclayon,PH07012
PH0701206,Balilihan,PH07012
PH0701207,Batuan,PH07012
PH0701208,Bilar,PH07012
PH0701209,Buenavista,PH07012
PH0701210,Calape,PH07012
PH0701211,Candijay,PH07012
PH0701212,Carmen,PH07012
PH0701213,Catigbian,PH07012
PH0701214,Clarin,PH07012
PH0701215,Corella,PH07012
PH0701216,Cortes,PH07012
PH0701217,Dagohoy,PH07012
PH0701218,Danao,PH07012
PH0701219,Dauis,PH07012
PH0701220,Dimiao,PH07012
PH0701221,Duero,PH07012
PH0701222,Garcia Hernandez,PH07012
PH0701223,Guindulman,PH07012
PH0701224,Inabanga,PH07012
PH0701225,Jagna,PH07012
PH0701226,Getafe,PH07012
PH0701227,Lila,PH07012
PH0701228,Loay,PH07012
PH0701229,Loboc,PH07012
PH0701230,Loon,PH07012
PH0701231,Mabini,PH07012
PH0701232,Maribojoc,PH07012
PH0701233,Panglao,PH07012
PH0701234,Pilar,PH07012
PH0701235,President Carlos P. Garcia (Pitogo),PH07012
PH0701236,Sagbayan (Borja),PH07012
PH0701237,San Isidro,PH07012
PH0701238,San Miguel,PH07012
PH0701239,Sevilla,PH07012
PH0701240,Sierra Bullones,PH07012
PH0701241,Sikatuna,PH07012
PH0701242,Tagbilaran City (Capital),PH07012
PH0701243,Talibon,PH07012
PH0701244,Trinidad,PH07012
PH0701245,Tubigon,PH07012
PH0701246,Ubay,PH07012
PH0701247,Valencia,PH07012
PH0701248,Bien Unido,PH07012
PH0702201,Alcantara,PH07022
PH0702202,Alcoy,PH07022
PH0702203,Alegria,PH07022
PH0702204,Aloguinsan,PH07022
PH0702205,Argao,PH07022
PH0702206,Asturias,PH07022
PH0702207,Badian,PH07022
PH0702208,Balamban,PH07022
PH0702209,Bantayan,PH07022
PH0702210,Barili,PH07022
PH0702211,City of Bogo,PH07022
PH0702212,Boljoon,PH07022
PH0702213,Borbon,PH07022
PH0702214,City of Carcar,PH07022
PH0702215,Carmen,PH07022
PH0702216,Catmon,PH07022
PH0702217,Cebu City (Capital),PH07022
PH0702218,Compostela,PH07022
PH0702219,Consolacion,PH07022
PH0702220,Cordova,PH07022
PH0702221,Daanbantayan,PH07022
PH0702222,Dalaguete,PH07022
PH0702223,Danao City,PH07022
PH0702224,Dumanjug,PH07022
PH0702225,Ginatilan,PH07022
PH0702226,Lapu-Lapu City (Opon),PH07022
PH0702227,Liloan,PH07022
PH0702228,Madridejos,PH07022
PH0702229,Malabuyoc,PH07022
PH0702230,Mandaue City,PH07022
PH0702231,Medellin,PH07022
PH0702232,Minglanilla,PH07022
PH0702233,Moalboal,PH07022
PH0702234,City of Naga,PH07022
PH0702235,Oslob,PH07022
PH0702236,Pilar,PH07022
PH0702237,Pinamungajan,PH07022
PH0702238,Poro,PH07022
PH0702239,Ronda,PH07022
PH0702240,Samboan,PH07022
PH0702241,San Fernando,PH07022
PH0702242,San Francisco,PH07022
PH0702243,San Remigio,PH07022
PH0702244,Santa Fe,PH07022
PH0702245,Santander,PH07022
PH0702246,Sibonga,PH07022
PH0702247,Sogod,PH07022
PH0702248,Tabogon,PH07022
PH0702249,Tabuelan,PH07022
PH0702250,City of Talisay,PH07022
PH0702251,Toledo City,PH07022
PH0702252,Tuburan,PH07022
PH0702253,Tudela,PH07022
PH0704601,Amlan (Ayuquitan),PH07046
PH0704602,Ayungon,PH07046
PH0704603,Bacong,PH07046
PH0704604,Bais City,PH07046
PH0704605,Basay,PH07046
PH0704606,City of Bayawan (Tulong),PH07046
PH0704607,Bindoy (Payabon),PH07046
PH0704608,Canlaon City,PH07046
PH0704609,Dauin,PH07046
PH0704610,Dumaguete City (Capital),PH07046
PH0704611,City of Guihulngan,PH07046
PH0704612,Jimalalud,PH07046
PH0704613,La Libertad,PH07046
PH0704614,Mabinay,PH07046
PH0704615,Manjuyod,PH07046
PH0704616,Pamplona,PH07046
PH0704617,San Jose,PH07046
PH0704618,Santa Catalina,PH07046
PH0704619,Siaton,PH07046
PH0704620,Sibulan,PH07046
PH0704621,City of Tanjay,PH07046
PH0704622,Tayasan,PH07046
PH0704623,Valencia (Luzurriaga),PH07046
PH0704624,Vallehermoso,PH07046
PH0704625,Zamboanguita,PH07046
PH0706101,Enrique Villanueva,PH07061
PH0706102,Larena,PH07061
PH0706103,Lazi,PH07061
PH0706104,Maria,PH07061
PH0706105,San Juan,PH07061
PH0706106,Siquijor (Capital),PH07061
PH0802601,Arteche,PH08026
PH0802602,Balangiga,PH08026
PH0802603,Balangkayan,PH08026
PH0802604,City of Borongan (Capital),PH08026
PH0802605,Can-avid,PH08026
PH0802606,Dolores,PH08026
PH0802607,General Macarthur,PH08026
PH0802608,Giporlos,PH08026
PH0802609,Guiuan,PH08026
PH0802610,Hernani,PH08026
PH0802611,Jipapad,PH08026
PH0802612,Lawaan,PH08026
PH0802613,Llorente,PH08026
PH0802614,Maslog,PH08026
PH0802615,Maydolong,PH08026
PH0802616,Mercedes,PH08026
PH0802617,Oras,PH08026
PH0802618,Quinapondan,PH08026
PH0802619,Salcedo,PH08026
PH0802620,San Julian,PH08026
PH0802621,San Policarpo,PH08026
PH0802622,Sulat,PH08026
PH0802623,Taft,PH08026
PH0803701,Abuyog,PH08037
PH0803702,Alangalang,PH08037
PH0803703,Albuera,PH08037
PH0803705,Babatngon,PH08037
PH0803706,Barugo,PH08037
PH0803707,Bato,PH08037
PH0803708,City of Baybay,PH08037
PH0803710,Burauen,PH08037
PH0803713,Calubian,PH08037
PH0803714,Capoocan,PH08037
PH0803715,Carigara,PH08037
PH0803717,Dagami,PH08037
PH0803718,Dulag,PH08037
PH0803719,Hilongos,PH08037
PH0803720,Hindang,PH08037
PH0803721,Inopacan,PH08037
PH0803722,Isabel,PH08037
PH0803723,Jaro,PH08037
PH0803724,Javier (Bugho),PH08037
PH0803725,Julita,PH08037
PH0803726,Kananga,PH08037
PH0803728,La Paz,PH08037
PH0803729,Leyte,PH08037
PH0803730,Macarthur,PH08037
PH0803731,Mahaplag,PH08037
PH0803733,Matag-ob,PH08037
PH0803734,Matalom,PH08037
PH0803735,Mayorga,PH08037
PH0803736,Merida,PH08037
PH0803738,Ormoc City,PH08037
PH0803739,Palo,PH08037
PH0803740,Palompon,PH08037
PH0803741,Pastrana,PH08037
PH0803742,San Isidro,PH08037
PH0803743,San Miguel,PH08037
PH0803744,Santa Fe,PH08037
PH0803745,Tabango,PH08037
PH0803746,Tabontabon,PH08037
PH0803747,Tacloban City (Capital),PH08037
PH0803748,Tanauan,PH08037
PH0803749,Tolosa,PH08037
PH0803750,Tunga,PH08037
PH0803751,Villaba,PH08037
PH0804801,Allen,PH08048
PH0804802,Biri,PH08048
PH0804803,Bobon,PH08048
PH0804804,Capul,PH08048
PH0804805,Catarman (Capital),PH08048
PH0804806,Catubig,PH08048
PH0804807,Gamay,PH08048
PH0804808,Laoang,PH08048
PH0804809,Lapinig,PH08048
PH0804810,Las Navas,PH08048
PH0804811,Lavezares,PH08048
PH0804812,Mapanas,PH08048
PH0804813,Mondragon,PH08048
PH0804814,Palapag,PH08048
PH0804815,Pambujan,PH08048
PH0804816,Rosario,PH08048
PH0804817,San Antonio,PH08048
PH0804818,San Isidro,PH08048
PH0804819,San Jose,PH08048
PH0804820,San Roque,PH08048
PH0804821,San Vicente,PH08048
PH0804822,Silvino Lobos,PH08048
PH0804823,Victoria,PH08048
PH0804824,Lope De Vega,PH08048
PH0806001,Almagro,PH08060
PH0806002,Basey,PH08060
PH0806003,Calbayog City,PH08060
PH0806004,Calbiga,PH08060
PH0806005,City of Catbalogan (Capital),PH08060
PH0806006,Daram,PH08060
PH0806007,Gandara,PH08060
PH0806008,Hinabangan,PH08060
PH0806009,Jiabong,PH08060
PH0806010,Marabut,PH08060
PH0806011,Matuguinao,PH08060
PH0806012,Motiong,PH08060
PH0806013,Pinabacdao,PH08060
PH0806014,San Jose de Buan,PH08060
PH0806015,San Sebastian,PH08060
PH0806016,Santa Margarita,PH08060
PH0806017,Santa Rita,PH08060
PH0806018,Santo Ni├▒o,PH08060
PH0806019,Talalora,PH08060
PH0806020,Tarangnan,PH08060
PH0806021,Villareal,PH08060
PH0806022,Paranas (Wright),PH08060
PH0806023,Zumarraga,PH08060
PH0806024,Tagapul-an,PH08060
PH0806025,San Jorge,PH08060
PH0806026,Pagsanghan,PH08060
PH0806401,Anahawan,PH08064
PH0806402,Bontoc,PH08064
PH0806403,Hinunangan,PH08064
PH0806404,Hinundayan,PH08064
PH0806405,Libagon,PH08064
PH0806406,Liloan,PH08064
PH0806407,City of Maasin (Capital),PH08064
PH0806408,Macrohon,PH08064
PH0806409,Malitbog,PH08064
PH0806410,Padre Burgos,PH08064
PH0806411,Pintuyan,PH08064
PH0806412,Saint Bernard,PH08064
PH0806413,San Francisco,PH08064
PH0806414,San Juan (Cabalian),PH08064
PH0806415,San Ricardo,PH08064
PH0806416,Silago,PH08064
PH0806417,Sogod,PH08064
PH0806418,Tomas Oppus,PH08064
PH0806419,Limasawa,PH08064
PH0807801,Almeria,PH08078
PH0807802,Biliran,PH08078
PH0807803,Cabucgayan,PH08078
PH0807804,Caibiran,PH08078
PH0807805,Culaba,PH08078
PH0807806,Kawayan,PH08078
PH0807807,Maripipi,PH08078
PH0807808,Naval (Capital),PH08078
PH0907201,Dapitan City,PH09072
PH0907202,Dipolog City (Capital),PH09072
PH0907203,Katipunan,PH09072
PH0907204,La Libertad,PH09072
PH0907205,Labason,PH09072
PH0907206,Liloy,PH09072
PH0907207,Manukan,PH09072
PH0907208,Mutia,PH09072
PH0907209,Pi├▒an (New Pi├▒an),PH09072
PH0907210,Polanco,PH09072
PH0907211,Pres. Manuel A. Roxas,PH09072
PH0907212,Rizal,PH09072
PH0907213,Salug,PH09072
PH0907214,Sergio Osme├▒a Sr.,PH09072
PH0907215,Siayan,PH09072
PH0907216,Sibuco,PH09072
PH0907217,Sibutad,PH09072
PH0907218,Sindangan,PH09072
PH0907219,Siocon,PH09072
PH0907220,Sirawai,PH09072
PH0907221,Tampilisan,PH09072
PH0907222,Jose Dalman (Ponot),PH09072
PH0907223,Gutalac,PH09072
PH0907224,Baliguian,PH09072
PH0907225,Godod,PH09072
PH0907226,Bacungan (Leon T. Postigo),PH09072
PH0907227,Kalawit,PH09072
PH0907302,Aurora,PH09073
PH0907303,Bayog,PH09073
PH0907305,Dimataling,PH09073
PH0907306,Dinas,PH09073
PH0907307,Dumalinao,PH09073
PH0907308,Dumingag,PH09073
PH0907311,Kumalarang,PH09073
PH0907312,Labangan,PH09073
PH0907313,Lapuyan,PH09073
PH0907315,Mahayag,PH09073
PH0907317,Margosatubig,PH09073
PH0907318,Midsalip,PH09073
PH0907319,Molave,PH09073
PH0907322,Pagadian City (Capital),PH09073
PH0907323,Ramon Magsaysay (Liargo),PH09073
PH0907324,San Miguel,PH09073
PH0907325,San Pablo,PH09073
PH0907327,Tabina,PH09073
PH0907328,Tambulig,PH09073
PH0907330,Tukuran,PH09073
PH0907332,Zamboanga City,PH09073
PH0907333,Lakewood,PH09073
PH0907337,Josefina,PH09073
PH0907338,Pitogo,PH09073
PH0907340,Sominot (Don Mariano Marcos),PH09073
PH0907341,Vincenzo A. Sagun,PH09073
PH0907343,Guipos,PH09073
PH0907344,Tigbao,PH09073
PH0908301,Alicia,PH09083
PH0908302,Buug,PH09083
PH0908303,Diplahan,PH09083
PH0908304,Imelda,PH09083
PH0908305,Ipil (Capital),PH09083
PH0908306,Kabasalan,PH09083
PH0908307,Mabuhay,PH09083
PH0908308,Malangas,PH09083
PH0908309,Naga,PH09083
PH0908310,Olutanga,PH09083
PH0908311,Payao,PH09083
PH0908312,Roseller Lim,PH09083
PH0908313,Siay,PH09083
PH0908314,Talusan,PH09083
PH0908315,Titay,PH09083
PH0908316,Tungawan,PH09083
PH0909701,City of Isabela,PH09097
PH1001301,Baungon,PH10013
PH1001302,Damulog,PH10013
PH1001303,Dangcagan,PH10013
PH1001304,Don Carlos,PH10013
PH1001305,Impasug-ong,PH10013
PH1001306,Kadingilan,PH10013
PH1001307,Kalilangan,PH10013
PH1001308,Kibawe,PH10013
PH1001309,Kitaotao,PH10013
PH1001310,Lantapan,PH10013
PH1001311,Libona,PH10013
PH1001312,City of Malaybalay (Capital),PH10013
PH1001313,Malitbog,PH10013
PH1001314,Manolo Fortich,PH10013
PH1001315,Maramag,PH10013
PH1001316,Pangantucan,PH10013
PH1001317,Quezon,PH10013
PH1001318,San Fernando,PH10013
PH1001319,Sumilao,PH10013
PH1001320,Talakag,PH10013
PH1001321,City of Valencia,PH10013
PH1001322,Cabanglasan,PH10013
PH1001801,Catarman,PH10018
PH1001802,Guinsiliban,PH10018
PH1001803,Mahinog,PH10018
PH1001804,Mambajao (Capital),PH10018
PH1001805,Sagay,PH10018
PH1003501,Bacolod,PH10035
PH1003502,Baloi,PH10035
PH1003503,Baroy,PH10035
PH1003504,Iligan City,PH10035
PH1003505,Kapatagan,PH10035
PH1003506,Sultan Naga Dimaporo (Karomatan),PH10035
PH1003507,Kauswagan,PH10035
PH1003508,Kolambugan,PH10035
PH1003509,Lala,PH10035
PH1003510,Linamon,PH10035
PH1003511,Magsaysay,PH10035
PH1003512,Maigo,PH10035
PH1003513,Matungao,PH10035
PH1003514,Munai,PH10035
PH1003515,Nunungan,PH10035
PH1003516,Pantao Ragat,PH10035
PH1003517,Poona Piagapo,PH10035
PH1003518,Salvador,PH10035
PH1003519,Sapad,PH10035
PH1003520,Tagoloan,PH10035
PH1003521,Tangcal,PH10035
PH1003522,Tubod (Capital),PH10035
PH1003523,Pantar,PH10035
PH1004201,Aloran,PH10042
PH1004202,Baliangao,PH10042
PH1004203,Bonifacio,PH10042
PH1004204,Calamba,PH10042
PH1004205,Clarin,PH10042
PH1004206,Concepcion,PH10042
PH1004207,Jimenez,PH10042
PH1004208,Lopez Jaena,PH10042
PH1004209,Oroquieta City (Capital),PH10042
PH1004210,City of Ozamiz,PH10042
PH1004211,Panaon,PH10042
PH1004212,Plaridel,PH10042
PH1004213,Sapang Dalaga,PH10042
PH1004214,Sinacaban,PH10042
PH1004215,Tangub City,PH10042
PH1004216,Tudela,PH10042
PH1004217,Don Victoriano Chiongbian  (Don Mariano Marcos),PH10042
PH1004301,Alubijid,PH10043
PH1004302,Balingasag,PH10043
PH1004303,Balingoan,PH10043
PH1004304,Binuangan,PH10043
PH1004305,Cagayan de Oro City (Capital),PH10043
PH1004306,Claveria,PH10043
PH1004307,City of El Salvador,PH10043
PH1004308,Gingoog City,PH10043
PH1004309,Gitagum,PH10043
PH1004310,Initao,PH10043
PH1004311,Jasaan,PH10043
PH1004312,Kinoguitan,PH10043
PH1004313,Lagonglong,PH10043
PH1004314,Laguindingan,PH10043
PH1004315,Libertad,PH10043
PH1004316,Lugait,PH10043
PH1004317,Magsaysay (Linugos),PH10043
PH1004318,Manticao,PH10043
PH1004319,Medina,PH10043
PH1004320,Naawan,PH10043
PH1004321,Opol,PH10043
PH1004322,Salay,PH10043
PH1004323,Sugbongcogon,PH10043
PH1004324,Tagoloan,PH10043
PH1004325,Talisayan,PH10043
PH1004326,Villanueva,PH10043
PH1102301,Asuncion (Saug),PH11023
PH1102303,Carmen,PH11023
PH1102305,Kapalong,PH11023
PH1102314,New Corella,PH11023
PH1102315,City of Panabo,PH11023
PH1102317,Island Garden City of Samal,PH11023
PH1102318,Santo Tomas,PH11023
PH1102319,City of Tagum (Capital),PH11023
PH1102322,Talaingod,PH11023
PH1102323,Braulio E. Dujali,PH11023
PH1102324,San Isidro,PH11023
PH1102401,Bansalan,PH11024
PH1102402,Davao City,PH11024
PH1102403,City of Digos (Capital),PH11024
PH1102404,Hagonoy,PH11024
PH1102406,Kiblawan,PH11024
PH1102407,Magsaysay,PH11024
PH1102408,Malalag,PH11024
PH1102410,Matanao,PH11024
PH1102411,Padada,PH11024
PH1102412,Santa Cruz,PH11024
PH1102414,Sulop,PH11024
PH1102501,Baganga,PH11025
PH1102502,Banaybanay,PH11025
PH1102503,Boston,PH11025
PH1102504,Caraga,PH11025
PH1102505,Cateel,PH11025
PH1102506,Governor Generoso,PH11025
PH1102507,Lupon,PH11025
PH1102508,Manay,PH11025
PH1102509,City of Mati (Capital),PH11025
PH1102510,San Isidro,PH11025
PH1102511,Tarragona,PH11025
PH1108201,Compostela,PH11082
PH1108202,Laak (San Vicente),PH11082
PH1108203,Mabini (Do├▒a Alicia),PH11082
PH1108204,Maco,PH11082
PH1108205,Maragusan (San Mariano),PH11082
PH1108206,Mawab,PH11082
PH1108207,Monkayo,PH11082
PH1108208,Montevista,PH11082
PH1108209,Nabunturan (Capital),PH11082
PH1108210,New Bataan,PH11082
PH1108211,Pantukan,PH11082
PH1108601,Don Marcelino,PH11086
PH1108602,Jose Abad Santos (Trinidad),PH11086
PH1108603,Malita,PH11086
PH1108604,Santa Maria,PH11086
PH1108605,Sarangani,PH11086
PH1204701,Alamada,PH12047
PH1204702,Carmen,PH12047
PH1204703,Kabacan,PH12047
PH1204704,City of Kidapawan (Capital),PH12047
PH1204705,Libungan,PH12047
PH1204706,Magpet,PH12047
PH1204707,Makilala,PH12047
PH1204708,Matalam,PH12047
PH1204709,Midsayap,PH12047
PH1204710,M'lang,PH12047
PH1204711,Pigkawayan,PH12047
PH1204712,Pikit,PH12047
PH1204713,President Roxas,PH12047
PH1204714,Tulunan,PH12047
PH1204715,Antipas,PH12047
PH1204716,Banisilan,PH12047
PH1204717,Aleosan,PH12047
PH1204718,Arakan,PH12047
PH1206302,Banga,PH12063
PH1206303,General Santos City (Dadiangas),PH12063
PH1206306,City of Koronadal (Capital),PH12063
PH1206311,Norala,PH12063
PH1206312,Polomolok,PH12063
PH1206313,Surallah,PH12063
PH1206314,Tampakan,PH12063
PH1206315,Tantangan,PH12063
PH1206316,T'Boli,PH12063
PH1206317,Tupi,PH12063
PH1206318,Santo Ni├▒o,PH12063
PH1206319,Lake Sebu,PH12063
PH1206501,Bagumbayan,PH12065
PH1206502,Columbio,PH12065
PH1206503,Esperanza,PH12065
PH1206504,Isulan (Capital),PH12065
PH1206505,Kalamansig,PH12065
PH1206506,Lebak,PH12065
PH1206507,Lutayan,PH12065
PH1206508,Lambayong (Mariano Marcos),PH12065
PH1206509,Palimbang,PH12065
PH1206510,President Quirino,PH12065
PH1206511,City of Tacurong,PH12065
PH1206512,Sen. Ninoy Aquino,PH12065
PH1208001,Alabel (Capital),PH12080
PH1208002,Glan,PH12080
PH1208003,Kiamba,PH12080
PH1208004,Maasim,PH12080
PH1208005,Maitum,PH12080
PH1208006,Malapatan,PH12080
PH1208007,Malungon,PH12080
PH1303901,City of Manila,PH13039
PH1307401,City of Mandaluyong,PH13074
PH1307402,City of Marikina,PH13074
PH1307403,City of Pasig,PH13074
PH1307404,Quezon City,PH13074
PH1307405,City of San Juan,PH13074
PH1307501,Caloocan City,PH13075
PH1307502,City of Malabon,PH13075
PH1307503,City of Navotas,PH13075
PH1307504,City of Valenzuela,PH13075
PH1307601,City of Las Pi├▒as,PH13076
PH1307602,City of Makati,PH13076
PH1307603,City of Muntinlupa,PH13076
PH1307604,City of Para├▒aque,PH13076
PH1307605,Pasay City,PH13076
PH1307606,Pateros,PH13076
PH1307607,Taguig City,PH13076
PH1400101,Bangued (Capital),PH14001
PH1400102,Boliney,PH14001
PH1400103,Bucay,PH14001
PH1400104,Bucloc,PH14001
PH1400105,Daguioman,PH14001
PH1400106,Danglas,PH14001
PH1400107,Dolores,PH14001
PH1400108,La Paz,PH14001
PH1400109,Lacub,PH14001
PH1400110,Lagangilang,PH14001
PH1400111,Lagayan,PH14001
PH1400112,Langiden,PH14001
PH1400113,Licuan-Baay (Licuan),PH14001
PH1400114,Luba,PH14001
PH1400115,Malibcong,PH14001
PH1400116,Manabo,PH14001
PH1400117,Pe├▒arrubia,PH14001
PH1400118,Pidigan,PH14001
PH1400119,Pilar,PH14001
PH1400120,Sallapadan,PH14001
PH1400121,San Isidro,PH14001
PH1400122,San Juan,PH14001
PH1400123,San Quintin,PH14001
PH1400124,Tayum,PH14001
PH1400125,Tineg,PH14001
PH1400126,Tubo,PH14001
PH1400127,Villaviciosa,PH14001
PH1401101,Atok,PH14011
PH1401102,Baguio City,PH14011
PH1401103,Bakun,PH14011
PH1401104,Bokod,PH14011
PH1401105,Buguias,PH14011
PH1401106,Itogon,PH14011
PH1401107,Kabayan,PH14011
PH1401108,Kapangan,PH14011
PH1401109,Kibungan,PH14011
PH1401110,La Trinidad (Capital),PH14011
PH1401111,Mankayan,PH14011
PH1401112,Sablan,PH14011
PH1401113,Tuba,PH14011
PH1401114,Tublay,PH14011
PH1402701,Banaue,PH14027
PH1402702,Hungduan,PH14027
PH1402703,Kiangan,PH14027
PH1402704,Lagawe (Capital),PH14027
PH1402705,Lamut,PH14027
PH1402706,Mayoyao,PH14027
PH1402707,Alfonso Lista (Potia),PH14027
PH1402708,Aguinaldo,PH14027
PH1402709,Hingyon,PH14027
PH1402710,Tinoc,PH14027
PH1402711,Asipulo,PH14027
PH1403201,Balbalan,PH14032
PH1403206,Lubuagan,PH14032
PH1403208,Pasil,PH14032
PH1403209,Pinukpuk,PH14032
PH1403211,Rizal (Liwan),PH14032
PH1403213,City of Tabuk (Capital),PH14032
PH1403214,Tanudan,PH14032
PH1403215,Tinglayan,PH14032
PH1404401,Barlig,PH14044
PH1404402,Bauko,PH14044
PH1404403,Besao,PH14044
PH1404404,Bontoc (Capital),PH14044
PH1404405,Natonin,PH14044
PH1404406,Paracelis,PH14044
PH1404407,Sabangan,PH14044
PH1404408,Sadanga,PH14044
PH1404409,Sagada,PH14044
PH1404410,Tadian,PH14044
PH1408101,Calanasan (Bayag),PH14081
PH1408102,Conner,PH14081
PH1408103,Flora,PH14081
PH1408104,Kabugao (Capital),PH14081
PH1408105,Luna,PH14081
PH1408106,Pudtol,PH14081
PH1408107,Santa Marcela,PH14081
PH1600201,Buenavista,PH16002
PH1600202,Butuan City (Capital),PH16002
PH1600203,City of Cabadbaran,PH16002
PH1600204,Carmen,PH16002
PH1600205,Jabonga,PH16002
PH1600206,Kitcharao,PH16002
PH1600207,Las Nieves,PH16002
PH1600208,Magallanes,PH16002
PH1600209,Nasipit,PH16002
PH1600210,Santiago,PH16002
PH1600211,Tubay,PH16002
PH1600212,Remedios T. Romualdez,PH16002
PH1600301,City of Bayugan,PH16003
PH1600302,Bunawan,PH16003
PH1600303,Esperanza,PH16003
PH1600304,La Paz,PH16003
PH1600305,Loreto,PH16003
PH1600306,Prosperidad (Capital),PH16003
PH1600307,Rosario,PH16003
PH1600308,San Francisco,PH16003
PH1600309,San Luis,PH16003
PH1600310,Santa Josefa,PH16003
PH1600311,Talacogon,PH16003
PH1600312,Trento,PH16003
PH1600313,Veruela,PH16003
PH1600314,Sibagat,PH16003
PH1606701,Alegria,PH16067
PH1606702,Bacuag,PH16067
PH1606704,Burgos,PH16067
PH1606706,Claver,PH16067
PH1606707,Dapa,PH16067
PH1606708,Del Carmen,PH16067
PH1606710,General Luna,PH16067
PH1606711,Gigaquit,PH16067
PH1606714,Mainit,PH16067
PH1606715,Malimono,PH16067
PH1606716,Pilar,PH16067
PH1606717,Placer,PH16067
PH1606718,San Benito,PH16067
PH1606719,San Francisco (Anao-Aon),PH16067
PH1606720,San Isidro,PH16067
PH1606721,Santa Monica (Sapao),PH16067
PH1606722,Sison,PH16067
PH1606723,Socorro,PH16067
PH1606724,Surigao City (Capital),PH16067
PH1606725,Tagana-an,PH16067
PH1606727,Tubod,PH16067
PH1606801,Barobo,PH16068
PH1606802,Bayabas,PH16068
PH1606803,City of Bislig,PH16068
PH1606804,Cagwait,PH16068
PH1606805,Cantilan,PH16068
PH1606806,Carmen,PH16068
PH1606807,Carrascal,PH16068
PH1606808,Cortes,PH16068
PH1606809,Hinatuan,PH16068
PH1606810,Lanuza,PH16068
PH1606811,Lianga,PH16068
PH1606812,Lingig,PH16068
PH1606813,Madrid,PH16068
PH1606814,Marihatag,PH16068
PH1606815,San Agustin,PH16068
PH1606816,San Miguel,PH16068
PH1606817,Tagbina,PH16068
PH1606818,Tago,PH16068
PH1606819,City of Tandag (Capital),PH16068
PH1608501,Basilisa (Rizal),PH16085
PH1608502,Cagdianao,PH16085
PH1608503,Dinagat,PH16085
PH1608504,Libjo (Albor),PH16085
PH1608505,Loreto,PH16085
PH1608506,San Jose (Capital),PH16085
PH1608507,Tubajon,PH16085
PH1704001,Boac (Capital),PH17040
PH1704002,Buenavista,PH17040
PH1704003,Gasan,PH17040
PH1704004,Mogpog,PH17040
PH1704005,Santa Cruz,PH17040
PH1704006,Torrijos,PH17040
PH1705101,Abra de Ilog,PH17051
PH1705102,Calintaan,PH17051
PH1705103,Looc,PH17051
PH1705104,Lubang,PH17051
PH1705105,Magsaysay,PH17051
PH1705106,Mamburao (Capital),PH17051
PH1705107,Paluan,PH17051
PH1705108,Rizal,PH17051
PH1705109,Sablayan,PH17051
PH1705110,San Jose,PH17051
PH1705111,Santa Cruz,PH17051
PH1705201,Baco,PH17052
PH1705202,Bansud,PH17052
PH1705203,Bongabong,PH17052
PH1705204,Bulalacao (San Pedro),PH17052
PH1705205,City of Calapan (Capital),PH17052
PH1705206,Gloria,PH17052
PH1705207,Mansalay,PH17052
PH1705208,Naujan,PH17052
PH1705209,Pinamalayan,PH17052
PH1705210,Pola,PH17052
PH1705211,Puerto Galera,PH17052
PH1705212,Roxas,PH17052
PH1705213,San Teodoro,PH17052
PH1705214,Socorro,PH17052
PH1705215,Victoria,PH17052
PH1705301,Aborlan,PH17053
PH1705302,Agutaya,PH17053
PH1705303,Araceli,PH17053
PH1705304,Balabac,PH17053
PH1705305,Bataraza,PH17053
PH1705306,Brooke's Point,PH17053
PH1705307,Busuanga,PH17053
PH1705308,Cagayancillo,PH17053
PH1705309,Coron,PH17053
PH1705310,Cuyo,PH17053
PH1705311,Dumaran,PH17053
PH1705312,El Nido (Bacuit),PH17053
PH1705313,Linapacan,PH17053
PH1705314,Magsaysay,PH17053
PH1705315,Narra,PH17053
PH1705316,Puerto Princesa City (Capital),PH17053
PH1705317,Quezon,PH17053
PH1705318,Roxas,PH17053
PH1705319,San Vicente,PH17053
PH1705320,Taytay,PH17053
PH1705321,Kalayaan,PH17053
PH1705322,Culion,PH17053
PH1705323,Rizal (Marcos),PH17053
PH1705324,Sofronio Espa├▒ola,PH17053
PH1705901,Alcantara,PH17059
PH1705902,Banton,PH17059
PH1705903,Cajidiocan,PH17059
PH1705904,Calatrava,PH17059
PH1705905,Concepcion,PH17059
PH1705906,Corcuera,PH17059
PH1705907,Looc,PH17059
PH1705908,Magdiwang,PH17059
PH1705909,Odiongan,PH17059
PH1705910,Romblon (Capital),PH17059
PH1705911,San Agustin,PH17059
PH1705912,San Andres,PH17059
PH1705913,San Fernando,PH17059
PH1705914,San Jose,PH17059
PH1705915,Santa Fe,PH17059
PH1705916,Ferrol,PH17059
PH1705917,Santa Maria (Imelda),PH17059
PH1900702,City of Lamitan,PH19007
PH1900703,Lantawan,PH19007
PH1900704,Maluso,PH19007
PH1900705,Sumisip,PH19007
PH1900706,Tipo-Tipo,PH19007
PH1900707,Tuburan,PH19007
PH1900708,Akbar,PH19007
PH1900709,Al-Barka,PH19007
PH1900710,Hadji Mohammad Ajul,PH19007
PH1900711,Ungkaya Pukan,PH19007
PH1900712,Hadji Muhtamad,PH19007
PH1900713,Tabuan-Lasa,PH19007
PH1903601,Bacolod-Kalawi (Bacolod Grande),PH19036
PH1903602,Balabagan,PH19036
PH1903603,Balindong (Watu),PH19036
PH1903604,Bayang,PH19036
PH1903605,Binidayan,PH19036
PH1903606,Bubong,PH19036
PH1903607,Butig,PH19036
PH1903609,Ganassi,PH19036
PH1903610,Kapai,PH19036
PH1903611,Lumba-Bayabao (Maguing),PH19036
PH1903612,Lumbatan,PH19036
PH1903613,Madalum,PH19036
PH1903614,Madamba,PH19036
PH1903615,Malabang,PH19036
PH1903616,Marantao,PH19036
PH1903617,Marawi City (Capital),PH19036
PH1903618,Masiu,PH19036
PH1903619,Mulondo,PH19036
PH1903620,Pagayawan (Tatarikan),PH19036
PH1903621,Piagapo,PH19036
PH1903622,Poona Bayabao (Gata),PH19036
PH1903623,Pualas,PH19036
PH1903624,Ditsaan-Ramain,PH19036
PH1903625,Saguiaran,PH19036
PH1903626,Tamparan,PH19036
PH1903627,Taraka,PH19036
PH1903628,Tubaran,PH19036
PH1903629,Tugaya,PH19036
PH1903630,Wao,PH19036
PH1903631,Marogong,PH19036
PH1903632,Calanogas,PH19036
PH1903633,Buadiposo-Buntong,PH19036
PH1903634,Maguing,PH19036
PH1903635,Picong (Sultan Gumander),PH19036
PH1903636,Lumbayanague,PH19036
PH1903637,Amai Manabilang (Bumbaran),PH19036
PH1903638,Tagoloan II,PH19036
PH1903639,Kapatagan,PH19036
PH1903640,Sultan Dumalondong,PH19036
PH1903641,Lumbaca-Unayan,PH19036
PH1906601,Indanan,PH19066
PH1906602,Jolo (Capital),PH19066
PH1906603,Kalingalan Caluang,PH19066
PH1906604,Luuk,PH19066
PH1906605,Maimbung,PH19066
PH1906606,Hadji Panglima Tahil (Marunggas),PH19066
PH1906607,Old Panamao,PH19066
PH1906608,Pangutaran,PH19066
PH1906609,Parang,PH19066
PH1906610,Pata,PH19066
PH1906611,Patikul,PH19066
PH1906612,Siasi,PH19066
PH1906613,Talipao,PH19066
PH1906614,Tapul,PH19066
PH1906615,Tongkil,PH19066
PH1906616,Panglima Estino (New Panamao),PH19066
PH1906617,Lugus,PH19066
PH1906618,Pandami,PH19066
PH1906619,Omar,PH19066
PH1907001,Panglima Sugala (Balimbing),PH19070
PH1907002,Bongao (Capital),PH19070
PH1907003,Mapun (Cagayan de Tawi-Tawi),PH19070
PH1907004,Simunul,PH19070
PH1907005,Sitangkai,PH19070
PH1907006,South Ubian,PH19070
PH1907007,Tandubas,PH19070
PH1907008,Turtle Islands,PH19070
PH1907009,Languyan,PH19070
PH1907010,Sapa-Sapa,PH19070
PH1907011,Sibutu,PH19070
PH1908702,Buldon,PH19087
PH1908703,Cotabato City,PH19087
PH1908707,Datu Odin Sinsuat (Dinaig),PH19087
PH1908709,Matanog,PH19087
PH1908711,Parang,PH19087
PH1908712,Sultan Kudarat (Nuling),PH19087
PH1908714,Kabuntalan (Tumbao),PH19087
PH1908715,Upi,PH19087
PH1908718,Barira,PH19087
PH1908721,Talitay,PH19087
PH1908724,Sultan Mastura,PH19087
PH1908730,Datu Blah T. Sinsuat,PH19087
PH1908734,Northern Kabuntalan,PH19087
PH1908801,Ampatuan,PH19088
PH1908803,Buluan,PH19088
PH1908805,Datu Paglas,PH19088
PH1908806,Datu Piang,PH19088
PH1908808,Shariff Aguak (Maganoy) (Capital),PH19088
PH1908810,Pagalungan,PH19088
PH1908813,Sultan Sa Barongis (Lambayong),PH19088
PH1908816,Talayan,PH19088
PH1908817,South Upi,PH19088
PH1908819,Gen. S.K. Pendatun,PH19088
PH1908820,Mamasapano,PH19088
PH1908822,Pagagawan,PH19088
PH1908823,Paglat,PH19088
PH1908825,Guindulungan,PH19088
PH1908826,Datu Saudi-Ampatuan,PH19088
PH1908827,Datu Unsay,PH19088
PH1908828,Datu Abdullah Sangki,PH19088
PH1908829,Rajah Buayan,PH19088
PH1908831,Datu Anggal Midtimbang,PH19088
PH1908832,Mangudadatu,PH19088
PH1908833,Pandag,PH19088
PH1908835,Datu Hoffer Ampatuan,PH19088
PH1908836,Datu Salibo,PH19088
PH1908837,Shariff Saydona Mustapha,PH19088
PH1909901,Special Geographic Area - Carmen,PH19099
PH1909902,Special Geographic Area - Kabacan,PH19099
PH1909903,Special Geographic Area - Midsayap I,PH19099
PH1909904,Special Geographic Area - Midsayap II,PH19099
PH1909905,Special Geographic Area - Pigkawayan,PH19099
PH1909906,Special Geographic Area - Pikit I,PH19099
PH1909907,Special Geographic Area - Pikit II,PH19099
PH1909908,Special Geographic Area - Pikit III,PH19099
